[
    {
        "id": "6539d91f76fdf901",
        "type": "tab",
        "label": "Exercicios",
        "disabled": false,
        "info": "",
        "env": []
    },
    {
        "id": "4219058772049cdb",
        "type": "http in",
        "z": "6539d91f76fdf901",
        "name": "",
        "url": "exercicioGET",
        "method": "get",
        "upload": false,
        "swaggerDoc": "",
        "x": 210,
        "y": 120,
        "wires": [
            [
                "65d8068c87298024"
            ]
        ]
    },
    {
        "id": "482e0e0e771aa48d",
        "type": "http response",
        "z": "6539d91f76fdf901",
        "name": "",
        "statusCode": "",
        "headers": {},
        "x": 810,
        "y": 120,
        "wires": []
    },
    {
        "id": "65d8068c87298024",
        "type": "cloudantplus in",
        "z": "6539d91f76fdf901",
        "name": "",
        "cloudant": "a755136b48286c28",
        "database": "exercicio1",
        "service": "_ext_",
        "search": "_all_",
        "design": "",
        "index": "",
        "x": 630,
        "y": 120,
        "wires": [
            [
                "482e0e0e771aa48d"
            ]
        ]
    },
    {
        "id": "669c546ec81dc16e",
        "type": "http in",
        "z": "6539d91f76fdf901",
        "name": "",
        "url": "exercicioPOST",
        "method": "post",
        "upload": false,
        "swaggerDoc": "",
        "x": 220,
        "y": 180,
        "wires": [
            [
                "293d66a62a1ea92d"
            ]
        ]
    },
    {
        "id": "811b1e9e7ed16890",
        "type": "http in",
        "z": "6539d91f76fdf901",
        "name": "",
        "url": "exercicioPUT",
        "method": "put",
        "upload": false,
        "swaggerDoc": "",
        "x": 210,
        "y": 240,
        "wires": [
            [
                "80032171c079e144"
            ]
        ]
    },
    {
        "id": "1ba840b45387dea9",
        "type": "http in",
        "z": "6539d91f76fdf901",
        "name": "",
        "url": "exercicioDELETE",
        "method": "delete",
        "upload": false,
        "swaggerDoc": "",
        "x": 230,
        "y": 300,
        "wires": [
            [
                "834a1614755fd950"
            ]
        ]
    },
    {
        "id": "5a5594e52669d4e6",
        "type": "http response",
        "z": "6539d91f76fdf901",
        "name": "",
        "statusCode": "",
        "headers": {},
        "x": 810,
        "y": 180,
        "wires": []
    },
    {
        "id": "83130075d4c702f7",
        "type": "http response",
        "z": "6539d91f76fdf901",
        "name": "",
        "statusCode": "",
        "headers": {},
        "x": 810,
        "y": 240,
        "wires": []
    },
    {
        "id": "bf29fb6413cb35fd",
        "type": "http response",
        "z": "6539d91f76fdf901",
        "name": "",
        "statusCode": "",
        "headers": {},
        "x": 810,
        "y": 300,
        "wires": []
    },
    {
        "id": "a4b67aa21f8939c5",
        "type": "cloudantplus out",
        "z": "6539d91f76fdf901",
        "name": "",
        "cloudant": "a755136b48286c28",
        "database": "exercicio1",
        "service": "_ext_",
        "payonly": true,
        "operation": "insert",
        "x": 630,
        "y": 180,
        "wires": [
            [
                "5a5594e52669d4e6"
            ]
        ]
    },
    {
        "id": "75951670aa208692",
        "type": "cloudantplus out",
        "z": "6539d91f76fdf901",
        "name": "",
        "cloudant": "a755136b48286c28",
        "database": "exercicio1",
        "service": "_ext_",
        "payonly": true,
        "operation": "insert",
        "x": 630,
        "y": 240,
        "wires": [
            [
                "83130075d4c702f7"
            ]
        ]
    },
    {
        "id": "b3d1fa0d1be4ec2d",
        "type": "cloudantplus out",
        "z": "6539d91f76fdf901",
        "name": "",
        "cloudant": "a755136b48286c28",
        "database": "exercicio1",
        "service": "_ext_",
        "payonly": true,
        "operation": "delete",
        "x": 630,
        "y": 300,
        "wires": [
            [
                "bf29fb6413cb35fd"
            ]
        ]
    },
    {
        "id": "293d66a62a1ea92d",
        "type": "split",
        "z": "6539d91f76fdf901",
        "name": "",
        "splt": "\\n",
        "spltType": "str",
        "arraySplt": 1,
        "arraySpltType": "len",
        "stream": false,
        "addname": "",
        "x": 450,
        "y": 180,
        "wires": [
            [
                "a4b67aa21f8939c5"
            ]
        ]
    },
    {
        "id": "80032171c079e144",
        "type": "split",
        "z": "6539d91f76fdf901",
        "name": "",
        "splt": "\\n",
        "spltType": "str",
        "arraySplt": 1,
        "arraySpltType": "len",
        "stream": false,
        "addname": "",
        "x": 450,
        "y": 240,
        "wires": [
            [
                "75951670aa208692"
            ]
        ]
    },
    {
        "id": "834a1614755fd950",
        "type": "split",
        "z": "6539d91f76fdf901",
        "name": "",
        "splt": "\\n",
        "spltType": "str",
        "arraySplt": 1,
        "arraySpltType": "len",
        "stream": false,
        "addname": "",
        "x": 450,
        "y": 300,
        "wires": [
            [
                "b3d1fa0d1be4ec2d"
            ]
        ]
    },
    {
        "id": "a755136b48286c28",
        "type": "cloudantplus",
        "host": "https://f1c0dcf9-5075-4061-a1f8-2f4ca596058a-bluemix.cloudantnosqldb.appdomain.cloud",
        "name": "CredencialPucNoite",
        "useapikey": true
    }
]