[
    {
        "id": "b8564d198c2d1d2f",
        "type": "tab",
        "label": "Flow 1",
        "disabled": false,
        "info": "",
        "env": []
    },
    {
        "id": "26512d38c26f70b7",
        "type": "tab",
        "label": "LeituraUmidade",
        "disabled": false,
        "info": "",
        "env": []
    },
    {
        "id": "a09c90607d58f6b0",
        "type": "cloudantplus",
        "host": "https://f1c0dcf9-5075-4061-a1f8-2f4ca596058a-bluemix.cloudantnosqldb.appdomain.cloud",
        "name": "Credencial_PUCNoite",
        "useapikey": true
    },
    {
        "id": "fb7f1abb89b3aa3f",
        "type": "http in",
        "z": "b8564d198c2d1d2f",
        "name": "",
        "url": "readAugusto",
        "method": "get",
        "upload": false,
        "swaggerDoc": "",
        "x": 170,
        "y": 260,
        "wires": [
            [
                "574593362a3c5bcc"
            ]
        ]
    },
    {
        "id": "baeb331d712e2c94",
        "type": "http response",
        "z": "b8564d198c2d1d2f",
        "name": "",
        "statusCode": "",
        "headers": {},
        "x": 750,
        "y": 260,
        "wires": []
    },
    {
        "id": "574593362a3c5bcc",
        "type": "cloudantplus in",
        "z": "b8564d198c2d1d2f",
        "name": "",
        "cloudant": "a09c90607d58f6b0",
        "database": "stambassi",
        "service": "_ext_",
        "search": "_all_",
        "design": "",
        "index": "",
        "x": 530,
        "y": 260,
        "wires": [
            [
                "baeb331d712e2c94"
            ]
        ]
    },
    {
        "id": "b8f39e212c89c1ae",
        "type": "http in",
        "z": "b8564d198c2d1d2f",
        "name": "",
        "url": "postAugusto",
        "method": "post",
        "upload": false,
        "swaggerDoc": "",
        "x": 170,
        "y": 340,
        "wires": [
            [
                "be04046ffb8f2a4d"
            ]
        ]
    },
    {
        "id": "555af86aa76e1793",
        "type": "cloudantplus out",
        "z": "b8564d198c2d1d2f",
        "name": "",
        "cloudant": "a09c90607d58f6b0",
        "database": "stambassi",
        "service": "_ext_",
        "payonly": true,
        "operation": "insert",
        "x": 530,
        "y": 340,
        "wires": [
            [
                "dacaeb51d332e03b"
            ]
        ]
    },
    {
        "id": "dacaeb51d332e03b",
        "type": "http response",
        "z": "b8564d198c2d1d2f",
        "name": "",
        "statusCode": "",
        "headers": {},
        "x": 750,
        "y": 340,
        "wires": []
    },
    {
        "id": "be04046ffb8f2a4d",
        "type": "split",
        "z": "b8564d198c2d1d2f",
        "name": "",
        "splt": "\\n",
        "spltType": "str",
        "arraySplt": 1,
        "arraySpltType": "len",
        "stream": false,
        "addname": "",
        "x": 370,
        "y": 340,
        "wires": [
            [
                "555af86aa76e1793"
            ]
        ]
    },
    {
        "id": "97ff117dd14af134",
        "type": "http in",
        "z": "b8564d198c2d1d2f",
        "name": "",
        "url": "deleteAugusto",
        "method": "delete",
        "upload": false,
        "swaggerDoc": "",
        "x": 180,
        "y": 420,
        "wires": [
            [
                "41ca8076cc201c5d"
            ]
        ]
    },
    {
        "id": "8d730b7b86ece774",
        "type": "cloudantplus out",
        "z": "b8564d198c2d1d2f",
        "name": "",
        "cloudant": "a09c90607d58f6b0",
        "database": "stambassi",
        "service": "_ext_",
        "payonly": true,
        "operation": "delete",
        "x": 530,
        "y": 420,
        "wires": [
            [
                "2dde984019b59121"
            ]
        ]
    },
    {
        "id": "2dde984019b59121",
        "type": "http response",
        "z": "b8564d198c2d1d2f",
        "name": "",
        "statusCode": "",
        "headers": {},
        "x": 750,
        "y": 420,
        "wires": []
    },
    {
        "id": "41ca8076cc201c5d",
        "type": "split",
        "z": "b8564d198c2d1d2f",
        "name": "",
        "splt": "\\n",
        "spltType": "str",
        "arraySplt": 1,
        "arraySpltType": "len",
        "stream": false,
        "addname": "",
        "x": 370,
        "y": 420,
        "wires": [
            [
                "8d730b7b86ece774"
            ]
        ]
    },
    {
        "id": "d995ceac313c9c84",
        "type": "http in",
        "z": "26512d38c26f70b7",
        "name": "",
        "url": "umidadePOST",
        "method": "post",
        "upload": false,
        "swaggerDoc": "",
        "x": 200,
        "y": 180,
        "wires": [
            [
                "f58937fc9d5786d1"
            ]
        ]
    },
    {
        "id": "33c32d7e2c6f55ac",
        "type": "http in",
        "z": "26512d38c26f70b7",
        "name": "",
        "url": "umidadeGET",
        "method": "get",
        "upload": false,
        "swaggerDoc": "",
        "x": 190,
        "y": 260,
        "wires": [
            [
                "e68ad895486e3d07"
            ]
        ]
    },
    {
        "id": "a0a30235107c4ea0",
        "type": "http response",
        "z": "26512d38c26f70b7",
        "name": "",
        "statusCode": "",
        "headers": {},
        "x": 610,
        "y": 180,
        "wires": []
    },
    {
        "id": "68ed7f40270d1a0e",
        "type": "http response",
        "z": "26512d38c26f70b7",
        "name": "",
        "statusCode": "",
        "headers": {},
        "x": 610,
        "y": 260,
        "wires": []
    },
    {
        "id": "f58937fc9d5786d1",
        "type": "cloudantplus out",
        "z": "26512d38c26f70b7",
        "name": "",
        "cloudant": "a09c90607d58f6b0",
        "database": "umidade1",
        "service": "_ext_",
        "payonly": true,
        "operation": "insert",
        "x": 420,
        "y": 180,
        "wires": [
            [
                "a0a30235107c4ea0"
            ]
        ]
    },
    {
        "id": "e68ad895486e3d07",
        "type": "cloudantplus in",
        "z": "26512d38c26f70b7",
        "name": "",
        "cloudant": "a09c90607d58f6b0",
        "database": "umidade1",
        "service": "_ext_",
        "search": "_all_",
        "design": "",
        "index": "",
        "x": 420,
        "y": 260,
        "wires": [
            [
                "68ed7f40270d1a0e"
            ]
        ]
    },
    {
        "id": "e9ae57795fb0a66e",
        "type": "http in",
        "z": "26512d38c26f70b7",
        "name": "",
        "url": "umidadeDELETE",
        "method": "delete",
        "upload": false,
        "swaggerDoc": "",
        "x": 210,
        "y": 380,
        "wires": [
            [
                "e06a5b9330219e3f"
            ]
        ]
    },
    {
        "id": "6c3a95c9965dd973",
        "type": "cloudantplus out",
        "z": "26512d38c26f70b7",
        "name": "",
        "cloudant": "a09c90607d58f6b0",
        "database": "umidade1",
        "service": "_ext_",
        "payonly": true,
        "operation": "delete",
        "x": 620,
        "y": 380,
        "wires": [
            [
                "9768b59ff2308145"
            ]
        ]
    },
    {
        "id": "9768b59ff2308145",
        "type": "http response",
        "z": "26512d38c26f70b7",
        "name": "",
        "statusCode": "",
        "headers": {},
        "x": 830,
        "y": 380,
        "wires": []
    },
    {
        "id": "e06a5b9330219e3f",
        "type": "split",
        "z": "26512d38c26f70b7",
        "name": "",
        "splt": "\\n",
        "spltType": "str",
        "arraySplt": 1,
        "arraySpltType": "len",
        "stream": false,
        "addname": "",
        "x": 430,
        "y": 380,
        "wires": [
            [
                "6c3a95c9965dd973"
            ]
        ]
    }
]