[
    {
        "id": "399e9958d475d590",
        "type": "tab",
        "label": "CRUD Batimentos",
        "disabled": false,
        "info": "",
        "env": []
    },
    {
        "id": "26512d38c26f70b7",
        "type": "tab",
        "label": "LeituraUmidade",
        "disabled": false,
        "info": "",
        "env": []
    },
    {
        "id": "6539d91f76fdf901",
        "type": "tab",
        "label": "Exercicios",
        "disabled": false,
        "info": "",
        "env": []
    },
    {
        "id": "9235fe9c48ec8070",
        "type": "tab",
        "label": "Treinos",
        "disabled": false,
        "info": "",
        "env": []
    },
    {
        "id": "a09c90607d58f6b0",
        "type": "cloudantplus",
        "host": "https://f1c0dcf9-5075-4061-a1f8-2f4ca596058a-bluemix.cloudantnosqldb.appdomain.cloud",
        "name": "Credencial_PUCNoite",
        "useapikey": true
    },
    {
        "id": "a755136b48286c28",
        "type": "cloudantplus",
        "host": "https://f1c0dcf9-5075-4061-a1f8-2f4ca596058a-bluemix.cloudantnosqldb.appdomain.cloud",
        "name": "CredencialPucNoite",
        "useapikey": true
    },
    {
        "id": "e79adf3232f76e58",
        "type": "http in",
        "z": "399e9958d475d590",
        "name": "",
        "url": "batimentoPOST",
        "method": "post",
        "upload": false,
        "swaggerDoc": "",
        "x": 620,
        "y": 160,
        "wires": [
            [
                "de709534dafa5699"
            ]
        ]
    },
    {
        "id": "0990dd764c36cd90",
        "type": "http in",
        "z": "399e9958d475d590",
        "name": "",
        "url": "batimentoGET",
        "method": "get",
        "upload": false,
        "swaggerDoc": "",
        "x": 610,
        "y": 280,
        "wires": [
            [
                "781ca09868867d30"
            ]
        ]
    },
    {
        "id": "54f21fca43562ac7",
        "type": "http response",
        "z": "399e9958d475d590",
        "name": "",
        "statusCode": "",
        "headers": {},
        "x": 1250,
        "y": 160,
        "wires": []
    },
    {
        "id": "2fc62ecaaa7ca3db",
        "type": "http response",
        "z": "399e9958d475d590",
        "name": "",
        "statusCode": "",
        "headers": {},
        "x": 1030,
        "y": 280,
        "wires": []
    },
    {
        "id": "0af9e6bc7555ec2f",
        "type": "cloudantplus out",
        "z": "399e9958d475d590",
        "name": "",
        "cloudant": "a09c90607d58f6b0",
        "database": "batimento",
        "service": "_ext_",
        "payonly": true,
        "operation": "insert",
        "x": 1060,
        "y": 160,
        "wires": [
            [
                "54f21fca43562ac7"
            ]
        ]
    },
    {
        "id": "781ca09868867d30",
        "type": "cloudantplus in",
        "z": "399e9958d475d590",
        "name": "",
        "cloudant": "a09c90607d58f6b0",
        "database": "batimento",
        "service": "_ext_",
        "search": "_all_",
        "design": "",
        "index": "",
        "x": 840,
        "y": 280,
        "wires": [
            [
                "2fc62ecaaa7ca3db"
            ]
        ]
    },
    {
        "id": "02aff66f9dd11168",
        "type": "http in",
        "z": "399e9958d475d590",
        "name": "",
        "url": "batimentoDELETE",
        "method": "delete",
        "upload": false,
        "swaggerDoc": "",
        "x": 630,
        "y": 360,
        "wires": [
            [
                "f8668d447c74b2c3"
            ]
        ]
    },
    {
        "id": "3ed423005786f42b",
        "type": "cloudantplus out",
        "z": "399e9958d475d590",
        "name": "",
        "cloudant": "a09c90607d58f6b0",
        "database": "batimento",
        "service": "_ext_",
        "payonly": true,
        "operation": "delete",
        "x": 1040,
        "y": 360,
        "wires": [
            [
                "8b19aa28ef903cc0"
            ]
        ]
    },
    {
        "id": "8b19aa28ef903cc0",
        "type": "http response",
        "z": "399e9958d475d590",
        "name": "",
        "statusCode": "",
        "headers": {},
        "x": 1250,
        "y": 360,
        "wires": []
    },
    {
        "id": "f8668d447c74b2c3",
        "type": "split",
        "z": "399e9958d475d590",
        "name": "",
        "splt": "\\n",
        "spltType": "str",
        "arraySplt": 1,
        "arraySpltType": "len",
        "stream": false,
        "addname": "",
        "x": 850,
        "y": 360,
        "wires": [
            [
                "3ed423005786f42b"
            ]
        ]
    },
    {
        "id": "6c98901afcab8505",
        "type": "http in",
        "z": "399e9958d475d590",
        "name": "",
        "url": "batimentoPUT",
        "method": "put",
        "upload": false,
        "swaggerDoc": "",
        "x": 610,
        "y": 220,
        "wires": [
            [
                "eecf92f7041e664c"
            ]
        ]
    },
    {
        "id": "cd980aaf57597e31",
        "type": "http response",
        "z": "399e9958d475d590",
        "name": "",
        "statusCode": "",
        "headers": {},
        "x": 1030,
        "y": 220,
        "wires": []
    },
    {
        "id": "eecf92f7041e664c",
        "type": "cloudantplus out",
        "z": "399e9958d475d590",
        "name": "",
        "cloudant": "a09c90607d58f6b0",
        "database": "batimento",
        "service": "_ext_",
        "payonly": true,
        "operation": "insert",
        "x": 840,
        "y": 220,
        "wires": [
            [
                "cd980aaf57597e31"
            ]
        ]
    },
    {
        "id": "de709534dafa5699",
        "type": "function",
        "z": "399e9958d475d590",
        "name": "function 1",
        "func": "msg.payload.bpm = parseInt(msg.payload.bpm);\nmsg.payload.id = parseInt(msg.payload.id);\nmsg.payload.idTreino = parseInt(msg.payload.idTreino);\nmsg.payload.horario = parseInt(msg.payload.horario);\n\nreturn msg;",
        "outputs": 1,
        "noerr": 0,
        "initialize": "",
        "finalize": "",
        "libs": [],
        "x": 840,
        "y": 160,
        "wires": [
            [
                "0af9e6bc7555ec2f"
            ]
        ]
    },
    {
        "id": "d995ceac313c9c84",
        "type": "http in",
        "z": "26512d38c26f70b7",
        "name": "",
        "url": "umidadePOST",
        "method": "post",
        "upload": false,
        "swaggerDoc": "",
        "x": 200,
        "y": 180,
        "wires": [
            [
                "f58937fc9d5786d1"
            ]
        ]
    },
    {
        "id": "33c32d7e2c6f55ac",
        "type": "http in",
        "z": "26512d38c26f70b7",
        "name": "",
        "url": "umidadeGET",
        "method": "get",
        "upload": false,
        "swaggerDoc": "",
        "x": 190,
        "y": 260,
        "wires": [
            [
                "e68ad895486e3d07"
            ]
        ]
    },
    {
        "id": "a0a30235107c4ea0",
        "type": "http response",
        "z": "26512d38c26f70b7",
        "name": "",
        "statusCode": "",
        "headers": {},
        "x": 610,
        "y": 180,
        "wires": []
    },
    {
        "id": "68ed7f40270d1a0e",
        "type": "http response",
        "z": "26512d38c26f70b7",
        "name": "",
        "statusCode": "",
        "headers": {},
        "x": 610,
        "y": 260,
        "wires": []
    },
    {
        "id": "f58937fc9d5786d1",
        "type": "cloudantplus out",
        "z": "26512d38c26f70b7",
        "name": "",
        "cloudant": "a09c90607d58f6b0",
        "database": "umidade1",
        "service": "_ext_",
        "payonly": true,
        "operation": "insert",
        "x": 420,
        "y": 180,
        "wires": [
            [
                "a0a30235107c4ea0"
            ]
        ]
    },
    {
        "id": "e68ad895486e3d07",
        "type": "cloudantplus in",
        "z": "26512d38c26f70b7",
        "name": "",
        "cloudant": "a09c90607d58f6b0",
        "database": "umidade1",
        "service": "_ext_",
        "search": "_all_",
        "design": "",
        "index": "",
        "x": 420,
        "y": 260,
        "wires": [
            [
                "68ed7f40270d1a0e"
            ]
        ]
    },
    {
        "id": "e9ae57795fb0a66e",
        "type": "http in",
        "z": "26512d38c26f70b7",
        "name": "",
        "url": "umidadeDELETE",
        "method": "delete",
        "upload": false,
        "swaggerDoc": "",
        "x": 210,
        "y": 380,
        "wires": [
            [
                "e06a5b9330219e3f"
            ]
        ]
    },
    {
        "id": "6c3a95c9965dd973",
        "type": "cloudantplus out",
        "z": "26512d38c26f70b7",
        "name": "",
        "cloudant": "a09c90607d58f6b0",
        "database": "umidade1",
        "service": "_ext_",
        "payonly": true,
        "operation": "delete",
        "x": 620,
        "y": 380,
        "wires": [
            [
                "9768b59ff2308145"
            ]
        ]
    },
    {
        "id": "9768b59ff2308145",
        "type": "http response",
        "z": "26512d38c26f70b7",
        "name": "",
        "statusCode": "",
        "headers": {},
        "x": 830,
        "y": 380,
        "wires": []
    },
    {
        "id": "e06a5b9330219e3f",
        "type": "split",
        "z": "26512d38c26f70b7",
        "name": "",
        "splt": "\\n",
        "spltType": "str",
        "arraySplt": 1,
        "arraySpltType": "len",
        "stream": false,
        "addname": "",
        "x": 430,
        "y": 380,
        "wires": [
            [
                "6c3a95c9965dd973"
            ]
        ]
    },
    {
        "id": "4219058772049cdb",
        "type": "http in",
        "z": "6539d91f76fdf901",
        "name": "",
        "url": "exercicioGET",
        "method": "get",
        "upload": false,
        "swaggerDoc": "",
        "x": 210,
        "y": 120,
        "wires": [
            [
                "65d8068c87298024"
            ]
        ]
    },
    {
        "id": "482e0e0e771aa48d",
        "type": "http response",
        "z": "6539d91f76fdf901",
        "name": "",
        "statusCode": "",
        "headers": {},
        "x": 810,
        "y": 120,
        "wires": []
    },
    {
        "id": "65d8068c87298024",
        "type": "cloudantplus in",
        "z": "6539d91f76fdf901",
        "name": "",
        "cloudant": "a09c90607d58f6b0",
        "database": "exercicio1",
        "service": "_ext_",
        "search": "_all_",
        "design": "",
        "index": "",
        "x": 630,
        "y": 120,
        "wires": [
            [
                "482e0e0e771aa48d"
            ]
        ]
    },
    {
        "id": "669c546ec81dc16e",
        "type": "http in",
        "z": "6539d91f76fdf901",
        "name": "",
        "url": "exercicioPOST",
        "method": "post",
        "upload": false,
        "swaggerDoc": "",
        "x": 220,
        "y": 180,
        "wires": [
            [
                "293d66a62a1ea92d"
            ]
        ]
    },
    {
        "id": "811b1e9e7ed16890",
        "type": "http in",
        "z": "6539d91f76fdf901",
        "name": "",
        "url": "exercicioPUT",
        "method": "put",
        "upload": false,
        "swaggerDoc": "",
        "x": 210,
        "y": 240,
        "wires": [
            [
                "80032171c079e144"
            ]
        ]
    },
    {
        "id": "1ba840b45387dea9",
        "type": "http in",
        "z": "6539d91f76fdf901",
        "name": "",
        "url": "exercicioDELETE",
        "method": "delete",
        "upload": false,
        "swaggerDoc": "",
        "x": 230,
        "y": 300,
        "wires": [
            [
                "834a1614755fd950"
            ]
        ]
    },
    {
        "id": "5a5594e52669d4e6",
        "type": "http response",
        "z": "6539d91f76fdf901",
        "name": "",
        "statusCode": "",
        "headers": {},
        "x": 810,
        "y": 180,
        "wires": []
    },
    {
        "id": "83130075d4c702f7",
        "type": "http response",
        "z": "6539d91f76fdf901",
        "name": "",
        "statusCode": "",
        "headers": {},
        "x": 810,
        "y": 240,
        "wires": []
    },
    {
        "id": "bf29fb6413cb35fd",
        "type": "http response",
        "z": "6539d91f76fdf901",
        "name": "",
        "statusCode": "",
        "headers": {},
        "x": 810,
        "y": 300,
        "wires": []
    },
    {
        "id": "a4b67aa21f8939c5",
        "type": "cloudantplus out",
        "z": "6539d91f76fdf901",
        "name": "",
        "cloudant": "a09c90607d58f6b0",
        "database": "exercicio1",
        "service": "_ext_",
        "payonly": true,
        "operation": "insert",
        "x": 630,
        "y": 180,
        "wires": [
            [
                "5a5594e52669d4e6"
            ]
        ]
    },
    {
        "id": "75951670aa208692",
        "type": "cloudantplus out",
        "z": "6539d91f76fdf901",
        "name": "",
        "cloudant": "a09c90607d58f6b0",
        "database": "exercicio1",
        "service": "_ext_",
        "payonly": true,
        "operation": "insert",
        "x": 630,
        "y": 240,
        "wires": [
            [
                "83130075d4c702f7"
            ]
        ]
    },
    {
        "id": "b3d1fa0d1be4ec2d",
        "type": "cloudantplus out",
        "z": "6539d91f76fdf901",
        "name": "",
        "cloudant": "a09c90607d58f6b0",
        "database": "exercicio1",
        "service": "_ext_",
        "payonly": true,
        "operation": "delete",
        "x": 630,
        "y": 300,
        "wires": [
            [
                "bf29fb6413cb35fd"
            ]
        ]
    },
    {
        "id": "293d66a62a1ea92d",
        "type": "split",
        "z": "6539d91f76fdf901",
        "name": "",
        "splt": "\\n",
        "spltType": "str",
        "arraySplt": 1,
        "arraySpltType": "len",
        "stream": false,
        "addname": "",
        "x": 450,
        "y": 180,
        "wires": [
            [
                "a4b67aa21f8939c5"
            ]
        ]
    },
    {
        "id": "80032171c079e144",
        "type": "split",
        "z": "6539d91f76fdf901",
        "name": "",
        "splt": "\\n",
        "spltType": "str",
        "arraySplt": 1,
        "arraySpltType": "len",
        "stream": false,
        "addname": "",
        "x": 450,
        "y": 240,
        "wires": [
            [
                "75951670aa208692"
            ]
        ]
    },
    {
        "id": "834a1614755fd950",
        "type": "split",
        "z": "6539d91f76fdf901",
        "name": "",
        "splt": "\\n",
        "spltType": "str",
        "arraySplt": 1,
        "arraySpltType": "len",
        "stream": false,
        "addname": "",
        "x": 450,
        "y": 300,
        "wires": [
            [
                "b3d1fa0d1be4ec2d"
            ]
        ]
    },
    {
        "id": "69f9932af602fe03",
        "type": "http in",
        "z": "9235fe9c48ec8070",
        "name": "",
        "url": "treinoGET",
        "method": "get",
        "upload": false,
        "swaggerDoc": "",
        "x": 140,
        "y": 120,
        "wires": [
            [
                "eb624bde555fd2c1"
            ]
        ]
    },
    {
        "id": "b28a87f6f3d0ef11",
        "type": "http response",
        "z": "9235fe9c48ec8070",
        "name": "",
        "statusCode": "",
        "headers": {},
        "x": 750,
        "y": 120,
        "wires": []
    },
    {
        "id": "eb624bde555fd2c1",
        "type": "cloudantplus in",
        "z": "9235fe9c48ec8070",
        "name": "",
        "cloudant": "a09c90607d58f6b0",
        "database": "treino",
        "service": "_ext_",
        "search": "_all_",
        "design": "",
        "index": "",
        "x": 550,
        "y": 120,
        "wires": [
            [
                "b28a87f6f3d0ef11"
            ]
        ]
    },
    {
        "id": "c7e6fe6c54a69bd6",
        "type": "http in",
        "z": "9235fe9c48ec8070",
        "name": "",
        "url": "treinoPOST",
        "method": "post",
        "upload": false,
        "swaggerDoc": "",
        "x": 150,
        "y": 180,
        "wires": [
            [
                "71f09bfb528b6fdb"
            ]
        ]
    },
    {
        "id": "9d4ee856adcee654",
        "type": "http in",
        "z": "9235fe9c48ec8070",
        "name": "",
        "url": "treinoPUT",
        "method": "put",
        "upload": false,
        "swaggerDoc": "",
        "x": 140,
        "y": 240,
        "wires": [
            [
                "24b8e3749290d8e0"
            ]
        ]
    },
    {
        "id": "1729ee843f94851c",
        "type": "http in",
        "z": "9235fe9c48ec8070",
        "name": "",
        "url": "treinoDELETE",
        "method": "delete",
        "upload": false,
        "swaggerDoc": "",
        "x": 160,
        "y": 300,
        "wires": [
            [
                "cc102bce0110737f"
            ]
        ]
    },
    {
        "id": "f8057b253e98b0ed",
        "type": "http response",
        "z": "9235fe9c48ec8070",
        "name": "",
        "statusCode": "",
        "headers": {},
        "x": 750,
        "y": 180,
        "wires": []
    },
    {
        "id": "6a089135d9abba95",
        "type": "http response",
        "z": "9235fe9c48ec8070",
        "name": "",
        "statusCode": "",
        "headers": {},
        "x": 750,
        "y": 240,
        "wires": []
    },
    {
        "id": "38f13d603edbd1d6",
        "type": "http response",
        "z": "9235fe9c48ec8070",
        "name": "",
        "statusCode": "",
        "headers": {},
        "x": 750,
        "y": 300,
        "wires": []
    },
    {
        "id": "940aa4b3a5dec676",
        "type": "cloudantplus out",
        "z": "9235fe9c48ec8070",
        "name": "",
        "cloudant": "a09c90607d58f6b0",
        "database": "treino",
        "service": "_ext_",
        "payonly": true,
        "operation": "insert",
        "x": 550,
        "y": 180,
        "wires": [
            [
                "f8057b253e98b0ed"
            ]
        ]
    },
    {
        "id": "718ec391931452b9",
        "type": "cloudantplus out",
        "z": "9235fe9c48ec8070",
        "name": "",
        "cloudant": "a09c90607d58f6b0",
        "database": "treino",
        "service": "_ext_",
        "payonly": true,
        "operation": "insert",
        "x": 550,
        "y": 240,
        "wires": [
            [
                "6a089135d9abba95"
            ]
        ]
    },
    {
        "id": "8b1f2bf65aaec968",
        "type": "cloudantplus out",
        "z": "9235fe9c48ec8070",
        "name": "",
        "cloudant": "a09c90607d58f6b0",
        "database": "treino",
        "service": "_ext_",
        "payonly": true,
        "operation": "delete",
        "x": 550,
        "y": 300,
        "wires": [
            [
                "38f13d603edbd1d6"
            ]
        ]
    },
    {
        "id": "71f09bfb528b6fdb",
        "type": "split",
        "z": "9235fe9c48ec8070",
        "name": "",
        "splt": "\\n",
        "spltType": "str",
        "arraySplt": 1,
        "arraySpltType": "len",
        "stream": false,
        "addname": "",
        "x": 390,
        "y": 180,
        "wires": [
            [
                "940aa4b3a5dec676"
            ]
        ]
    },
    {
        "id": "24b8e3749290d8e0",
        "type": "split",
        "z": "9235fe9c48ec8070",
        "name": "",
        "splt": "\\n",
        "spltType": "str",
        "arraySplt": 1,
        "arraySpltType": "len",
        "stream": false,
        "addname": "",
        "x": 390,
        "y": 240,
        "wires": [
            [
                "718ec391931452b9"
            ]
        ]
    },
    {
        "id": "cc102bce0110737f",
        "type": "split",
        "z": "9235fe9c48ec8070",
        "name": "",
        "splt": "\\n",
        "spltType": "str",
        "arraySplt": 1,
        "arraySpltType": "len",
        "stream": false,
        "addname": "",
        "x": 390,
        "y": 300,
        "wires": [
            [
                "8b1f2bf65aaec968"
            ]
        ]
    }
]